,Name,Class,Item Type,Equip Region,Grade,Unboxed From,Robo
0,Batter's Helmet,Scout,Cosmetic,Regular,No Grade,Old Series,False
1,Baseball Bill's Sports Shine,Scout,Cosmetic,Regular,No Grade,Scout Crate,False
2,Bonk Helm,Scout,Cosmetic,Regular,No Grade,Scout Crate,False
3,Ye Olde Baker Boy,Scout,Cosmetic,Regular,No Grade,Scout Crate,False
4,Troublemaker's Tossle Cap,Scout,Cosmetic,Regular,No Grade,Scout Crate,False
5,Whoopee Cap,Scout,Cosmetic,Regular,No Grade,Old Series,False
6,Milkman,Scout,Cosmetic,Regular,No Grade,Old Series,False
7,Bombing Run,Scout,Cosmetic,Regular,No Grade,Old Series,False
8,Flipped Trilby,Scout,Cosmetic,Regular,No Grade,Old Series,False
9,Bonk Boy,Scout,Cosmetic,Misc,No Grade,Not Unboxable,False
10,El Jefe,Scout,Cosmetic,Regular,No Grade,Old Series,False
11,Backwards Ballcap,Scout,Cosmetic,Regular,No Grade,Scout Crate,False
12,Hermes,Scout,Cosmetic,Regular,No Grade,Scout Crate,False
13,Big Elfin Deal,Scout,Cosmetic,Regular,No Grade,Scout Crate,False
14,Front Runner,Scout,Cosmetic,Regular,No Grade,Scout Crate,False
15,Fed-Fightin' Fedora,Scout,Cosmetic,Regular,No Grade,Scout Crate,False
16,Bonk Leadwear,Scout,Cosmetic,Regular,No Grade,Scout Crate,True
17,Ye Oiled Baker Boy,Scout,Cosmetic,Regular,No Grade,Scout Crate,True
18,Greased Lightning,Scout,Cosmetic,Regular,No Grade,Scout Crate,False
19,Runner's Warm-Up,Scout,Cosmetic,Regular,No Grade,Scout Crate,False
20,Scout Shako,Scout,Cosmetic,Regular,No Grade,Scout Crate,False
21,Frickin' Sweet Ninja Hood,Scout,Cosmetic,Regular,No Grade,Scout Crate,False
22,Pomade Prince,Scout,Cosmetic,Regular,No Grade,Scout Crate,False
23,Thirst Blood,Scout,Cosmetic,Regular,No Grade,Old Series,False
24,Mountebank's Masque,Scout,Cosmetic,Regular,No Grade,Old Series,False
25,Fortunate Son,Scout,Cosmetic,Regular,Commando,Gun Mettle Cosmetic,False
26,B'aaarrgh-n-Bicorne,Scout,Cosmetic,Regular,Commando,Gargoyle,False
27,Death Racer's Helmet,Scout,Cosmetic,Regular,Commando,Gargoyle,False
28,Airdog,Scout,Cosmetic,Regular,Mercenary,Mayflower Cosmetic,False
29,Herald's Helm,Scout,Cosmetic,Regular,Commando,Mayflower Cosmetic,False
30,Pestering Jester,Multi-Class,Cosmetic,Regular,Assassin,Creepy Crawly,False
31,Wing Mann,Scout,Cosmetic,Regular,Mercenary,Creepy Crawly,False
32,Lightning Lid,Scout,Cosmetic,Regular,Elite,Rainy Day Cosmetic,False
33,Trucker's Topper,Multi-Class,Cosmetic,Regular,Mercenary,Winter 2017 Cosmetic,False
34,Punk's Pomp,Scout,Cosmetic,Regular,Commando,Blue Moon Cosmetic,False
35,Hephaistos' Handcraft,Scout,Cosmetic,Regular,Mercenary,Violet Vermin,False
36,Millennial Mercenary,Scout,Cosmetic,Regular,Assassin,Winter 2018 Cosmetic,False
37,Deep Fried Desire,Scout,Taunt,Regular,No Grade,Unusualifier,False
38,Battin' a Thousand,Scout,Taunt,Regular,No Grade,Unusualifier,False
39,Boston Breakdance,Scout,Taunt,Regular,No Grade,Unusualifier,False
40,Carlton,Scout,Taunt,Regular,No Grade,Unusualifier,False
41,Bunnyhopper,Scout,Taunt,Regular,No Grade,Unusualifier,False
42,Runner's Rhythm,Scout,Taunt,Regular,No Grade,Unusualifier,False
43,Trackman's Touchdown,Scout,Taunt,Regular,No Grade,Unusualifier,False
44,Scooty Scoot,Scout,Taunt,Regular,No Grade,Unusualifier,False
45,Soldier's Stash,Soldier,Cosmetic,Misc,No Grade,Not Unboxable,False
46,Tyrant's Helm,Soldier,Cosmetic,Regular,No Grade,Soldier Crate,False
47,Stainless Pot,Soldier,Cosmetic,Regular,No Grade,Soldier Crate,False
48,Killer's Kabuto,Soldier,Cosmetic,Regular,No Grade,Old Series,False
49,Sergeant's Drill Hat,Soldier,Cosmetic,Regular,No Grade,Old Series,False
50,Grenadier's Softcap,Soldier,Cosmetic,Regular,No Grade,Old Series,False
51,Chieftain's Challenge,Soldier,Cosmetic,Regular,No Grade,Old Series,False
52,Stout Shako,Soldier,Cosmetic,Regular,No Grade,Old Series,False
53,Defiant Spartan,Soldier,Cosmetic,Regular,No Grade,Old Series,False
54,Exquisite Rack,Soldier,Cosmetic,Misc,No Grade,Not Unboxable,False
55,Honcho's Headgear,Soldier,Cosmetic,Regular,No Grade,Old Series,False
56,Brain Bucket,Soldier,Cosmetic,Regular,No Grade,Old Series,False
57,Team Captain,Multi-Class,Cosmetic,Regular,No Grade,Old Series,False
58,Furious Fukaamigasa,Soldier,Cosmetic,Regular,No Grade,Old Series,False
59,Armored Authority,Soldier,Cosmetic,Regular,No Grade,Old Series,False
60,Jumper's Jeepcap,Soldier,Cosmetic,Regular,No Grade,Old Series,False
61,Lord Cockswain's Pith Helmet,Soldier,Cosmetic,Regular,No Grade,Old Series,False
62,Hat With No Name,Multi-Class,Cosmetic,Regular,No Grade,Multi/All Crate,False
63,Lucky Shot,Soldier,Cosmetic,Regular,No Grade,Soldier Crate,False
64,Conquistador,Soldier,Cosmetic,Regular,No Grade,Soldier Crate,False
65,Helmet Without a Home,Soldier,Cosmetic,Regular,No Grade,Soldier Crate,False
66,Soldier's Slope Scopers,Soldier,Cosmetic,Regular,No Grade,Soldier Crate,False
67,War Pig,Soldier,Cosmetic,Regular,No Grade,Soldier Crate,False
68,Tyrantium Helmet,Soldier,Cosmetic,Regular,No Grade,Soldier Crate,True
69,Full Metal Drill Hat,Soldier,Cosmetic,Regular,No Grade,Soldier Crate,True
70,Steel Shako,Soldier,Cosmetic,Regular,No Grade,Soldier Crate,True
71,Cloud Crasher,Soldier,Cosmetic,Regular,No Grade,Soldier Crate,False
72,Infernal Impaler,Soldier,Cosmetic,Regular,No Grade,Soldier Crate,False
73,Valley Forge,Soldier,Cosmetic,Regular,No Grade,Soldier Crate,False
74,Caribbean Conqueror,Soldier,Cosmetic,Regular,No Grade,Soldier Crate,False
75,Whirly Warrior,Soldier,Cosmetic,Regular,No Grade,Soldier Crate,False
76,Rebel Rouser,Soldier,Cosmetic,Regular,No Grade,Soldier Crate,False
77,Slo-Poke,Soldier,Cosmetic,Regular,No Grade,Soldier Crate,False
78,Ground Control,Soldier,Cosmetic,Regular,No Grade,Soldier Crate,False
79,Gilded Guard,Soldier,Cosmetic,Regular,No Grade,Old Series,False
80,Spook Specs,Soldier,Cosmetic,Regular,No Grade,Soldier Crate,False
81,Coldfront Curbstompers,Soldier,Cosmetic,Misc,No Grade,Not Unboxable,False
82,Condor Cap,Soldier,Cosmetic,Regular,No Grade,Soldier Crate,False
83,Screamin' Eagle,Soldier,Cosmetic,Regular,No Grade,Soldier Crate,False
84,Skullcap,Soldier,Cosmetic,Regular,No Grade,Old Series,False
85,Hellmet,Soldier,Cosmetic,Regular,Mercenary,Gargoyle,False
87,Crit Cloak,Soldier,Cosmetic,Regular,Commando,Unleash the Beast Cosmetic,False
88,Shellmet,Soldier,Cosmetic,Regular,Mercenary,Abominable Cosmetic,False
89,Nuke,Multi-Class,Cosmetic,Regular,Mercenary,Abominable Cosmetic,False
90,War Eagle,Multi-Class,Cosmetic,Regular,Elite,Abominable Cosmetic,False
91,Brass Bucket,Soldier,Cosmetic,Regular,Mercenary,Winter 2017 Cosmetic,False
92,Sky High Fly Guy,Soldier,Cosmetic,Regular,Mercenary,Blue Moon Cosmetic,False
93,Tank Top,Soldier,Cosmetic,Regular,Commando,Violet Vermin,False
94,Vampire Vanquisher,Soldier,Cosmetic,Regular,Mercenary,Violet Vermin,False
95,Climbing Commander,Soldier,Cosmetic,Regular,Mercenary,Winter 2018 Cosmetic,False
96,Crack Pot,Soldier,Cosmetic,Regular,Mercenary,Winter 2018 Cosmetic,False
97,Dumb Bell,Soldier,Cosmetic,Regular,Assassin,Winter 2018 Cosmetic,False
98,Fresh Brewed Victory,Soldier,Taunt,Regular,No Grade,Unusualifier,False
99,Soldier's Requiem,Soldier,Taunt,Regular,No Grade,Unusualifier,False
100,Fubar Fanfare,Soldier,Taunt,Regular,No Grade,Unusualifier,False
101,Panzer Pants,Soldier,Taunt,Regular,No Grade,Unusualifier,False
102,Pyro's Beanie,Pyro,Cosmetic,Regular,No Grade,Old Series,False
103,Brigade Helm,Pyro,Cosmetic,Regular,No Grade,Pyro Crate,False
104,Respectless Rubber Glove,Pyro,Cosmetic,Regular,No Grade,Pyro Crate,False
105,Triboniophorus Tyrannus,Pyro,Cosmetic,Regular,No Grade,Old Series,False
106,Vintage Merryweather,Pyro,Cosmetic,Regular,No Grade,Old Series,False
107,Attendant,Pyro,Cosmetic,Regular,No Grade,Old Series,False
108,Old Guadalajara,Pyro,Cosmetic,Regular,No Grade,Pyro Crate,False
109,Napper's Respite,Pyro,Cosmetic,Regular,No Grade,Old Series,False
110,Handyman's Handle,Pyro,Cosmetic,Regular,No Grade,Old Series,False
111,Madame Dixie,Pyro,Cosmetic,Regular,No Grade,Old Series,False
112,Pyromancer's Mask,Pyro,Cosmetic,Misc,No Grade,Not Unboxable,False
113,Prancer's Pride,Pyro,Cosmetic,Regular,No Grade,Old Series,False
114,Dead Cone,Pyro,Cosmetic,Regular,No Grade,Old Series,False
115,Hottie's Hoodie,Pyro,Cosmetic,Regular,No Grade,Pyro Crate,False
116,Connoisseur's Cap,Pyro,Cosmetic,Regular,No Grade,Old Series,False
117,Stately Steel Toe,Pyro,Cosmetic,Regular,No Grade,Old Series,False
118,Birdcage,Pyro,Cosmetic,Regular,No Grade,Pyro Crate,False
119,Little Buddy,Pyro,Cosmetic,Regular,No Grade,Pyro Crate,False
120,Flamboyant Flamenco,Pyro,Cosmetic,Regular,No Grade,Pyro Crate,False
121,Bubble Pipe,Pyro,Cosmetic,Regular,No Grade,Old Series,False
122,Head Warmer,Pyro,Cosmetic,Regular,No Grade,Pyro Crate,False
123,Waxy Wayfinder,Pyro,Cosmetic,Regular,No Grade,Pyro Crate,False
124,HazMat Headcase,Multi-Class,Cosmetic,Regular,No Grade,Multi/All Crate,False
125,Coffin Kit,Pyro,Cosmetic,Misc,No Grade,Not Unboxable,False
126,Wraith Wrap,Pyro,Cosmetic,Regular,No Grade,Pyro Crate,False
127,Respectless Robo-Glove,Pyro,Cosmetic,Regular,No Grade,Pyro Crate,True
128,Plumber's Pipe,Pyro,Cosmetic,Regular,No Grade,Pyro Crate,True
129,Firewall Helmet,Pyro,Cosmetic,Regular,No Grade,Pyro Crate,True
130,Metal Slug,Pyro,Cosmetic,Regular,No Grade,Pyro Crate,True
131,Pyro's Boron Beanie,Pyro,Cosmetic,Regular,No Grade,Pyro Crate,True
132,Electric Escorter,Pyro,Cosmetic,Regular,No Grade,Pyro Crate,True
133,Bolted Birdcage,Pyro,Cosmetic,Regular,No Grade,Pyro Crate,True
134,Pampered Pyro,Pyro,Cosmetic,Regular,No Grade,Pyro Crate,False
135,Burning Bandana,Pyro,Cosmetic,Regular,No Grade,Pyro Crate,False
136,Hive Minder,Pyro,Cosmetic,Regular,No Grade,Pyro Crate,False
137,Bone Dome,Pyro,Cosmetic,Regular,No Grade,Pyro Crate,False
138,Toy Tailor,Pyro,Cosmetic,Regular,No Grade,Pyro Crate,False
139,Sole Mate,Pyro,Cosmetic,Regular,No Grade,Pyro Crate,False
140,Combustible Kabuto,Pyro,Cosmetic,Regular,No Grade,Pyro Crate,False
141,Smoking Skid Lid,Pyro,Cosmetic,Regular,No Grade,Pyro Crate,False
142,Employee of the Mmmph,Pyro,Cosmetic,Regular,No Grade,Pyro Crate,False
143,Pyromancer's Hood,Pyro,Cosmetic,Regular,No Grade,Old Series,False
144,A Head Full of Hot Air,Pyro,Cosmetic,Regular,Mercenary,Confidential Collection,False
145,Neptune's Nightmare,Pyro,Cosmetic,Regular,Commando,Gargoyle,False
146,Cranial Carcharodon,Pyro,Cosmetic,Regular,Mercenary,Creepy Crawly,False
148,Feathered Fiend,Pyro,Cosmetic,Regular,Commando,Unleash the Beast Cosmetic,False
149,Burning Beanie,Pyro,Cosmetic,Regular,Commando,Winter 2017 Cosmetic,False
150,Cat's Pajamas,Pyro,Cosmetic,Regular,Assassin,Winter 2017 Cosmetic,False
151,Burning Question,Pyro,Cosmetic,Regular,Commando,Blue Moon Cosmetic,False
152,Party Trick,Pyro,Taunt,Regular,No Grade,Unusualifier,False
153,Pool Party,Pyro,Taunt,Regular,No Grade,Unusualifier,False
154,Balloonibouncer,Pyro,Taunt,Regular,No Grade,Unusualifier,False
155,Headcase,Pyro,Taunt,Regular,No Grade,Unusualifier,False
156,Skating Scorcher,Pyro,Taunt,Regular,No Grade,Unusualifier,False
157,Demoman's Fro,Demoman,Cosmetic,Regular,No Grade,Old Series,False
158,Glengarry Bonnet,Demoman,Cosmetic,Regular,No Grade,Demoman Crate,False
159,Scotsman's Stove Pipe,Demoman,Cosmetic,Regular,No Grade,Demoman Crate,False
160,Hustler's Hallmark,Demoman,Cosmetic,Regular,No Grade,Old Series,False
161,Tippler's Tricorne,Demoman,Cosmetic,Regular,No Grade,Old Series,False
162,Sober Stuntman,Demoman,Cosmetic,Regular,No Grade,Old Series,False
163,Carouser's Capotain,Demoman,Cosmetic,Regular,No Grade,Old Series,False
164,Rimmed Raincatcher,Demoman,Cosmetic,Regular,No Grade,Old Series,False
165,Prince Tavish's Crown,Demoman,Cosmetic,Regular,No Grade,Demoman Crate,False
166,Samur-Eye,Demoman,Cosmetic,Regular,No Grade,Old Series,False
167,Reggaelator‎,Demoman,Cosmetic,Regular,No Grade,Old Series,False
168,Private Eye‎,Demoman,Cosmetic,Regular,No Grade,Old Series,False
169,Conjurer's Cowl,Demoman,Cosmetic,Regular,No Grade,Old Series,False
170,Sultan's Ceremonial,Demoman,Cosmetic,Regular,No Grade,Old Series,False
171,Tam O' Shanter,Demoman,Cosmetic,Regular,No Grade,Old Series,False
172,Mask of the Shaman,Demoman,Cosmetic,Regular,No Grade,Old Series,False
173,Buccaneer's Bicorne,Demoman,Cosmetic,Regular,No Grade,Demoman Crate,False
175,Tavish DeGroot Experience,Demoman,Cosmetic,Regular,No Grade,Demoman Crate,False
176,Scotch Bonnet,Demoman,Cosmetic,Regular,No Grade,Old Series,False
177,Voodoo JuJu (Slight Return),Demoman,Cosmetic,Regular,No Grade,Demoman Crate,False
178,Bolted Bicorne,Demoman,Cosmetic,Regular,No Grade,Demoman Crate,True
179,Broadband Bonnet,Demoman,Cosmetic,Regular,No Grade,Demoman Crate,True
180,FR-0,Demoman,Cosmetic,Regular,No Grade,Demoman Crate,True
181,Cyborg Stunt Helmet,Demoman,Cosmetic,Regular,No Grade,Demoman Crate,True
182,Pure Tin Capotain,Demoman,Cosmetic,Regular,No Grade,Demoman Crate,True
183,Strontium Stove Pipe,Demoman,Cosmetic,Regular,No Grade,Demoman Crate,True
184,Black Watch,Demoman,Cosmetic,Regular,No Grade,Demoman Crate,False
185,Tartan Spartan,Demoman,Cosmetic,Regular,No Grade,Demoman Crate,False
186,Stormin' Norman,Demoman,Cosmetic,Regular,No Grade,Demoman Crate,False
187,Glasgow Great Helm,Demoman,Cosmetic,Regular,No Grade,Demoman Crate,False
188,Pirate Bandana,Demoman,Cosmetic,Regular,No Grade,Demoman Crate,False
189,Tartan Tyrolean,Demoman,Cosmetic,Regular,No Grade,Demoman Crate,False
190,Dark Falkirk Helm,Demoman,Cosmetic,Regular,No Grade,Multi/All Crate,False
191,Razor Cut,Demoman,Cosmetic,Regular,No Grade,Demoman Crate,False
192,Allbrero,Demoman,Cosmetic,Regular,No Grade,Demoman Crate,False
193,Frontier Djustice,Demoman,Cosmetic,Regular,No Grade,Demoman Crate,False
194,Bomber's Bucket Hat,Demoman,Cosmetic,Regular,No Grade,Demoman Crate,False
195,Scot Bonnet,Demoman,Cosmetic,Regular,No Grade,Old Series,False
196,Valhalla Helm,Demoman,Cosmetic,Regular,No Grade,Old Series,False
197,Outta' Sight,Demoman,Cosmetic,Regular,Commando,Gun Mettle Cosmetic,False
198,Bruce's Bonnet,Demoman,Cosmetic,Regular,Assassin,Gun Mettle Cosmetic,False
199,Dayjogger,Demoman,Cosmetic,Regular,Assassin,Mayflower Cosmetic,False
200,Spirit of the Bombing Past,Demoman,Cosmetic,Regular,Commando,Creepy Crawly,False
201,Bomb Beanie,Demoman,Cosmetic,Regular,Commando,Unlocked Winter 2016 Cosmetic,False
202,Bomber Knight,Demoman,Cosmetic,Regular,Elite,Unlocked Winter 2016 Cosmetic,False
203,Elf Esteem,Demoman,Cosmetic,Regular,Mercenary,Unlocked Winter 2016 Cosmetic,False
204,Blast Defense,Demoman,Cosmetic,Regular,Mercenary,Rainy Day Cosmetic,False
206,Hungover Hero,Demoman,Cosmetic,Regular,Elite,Winter 2017 Cosmetic,False
207,Frag Proof Fragger,Demoman,Cosmetic,Regular,Assassin,Blue Moon Cosmetic,False
208,Spent Well Spirits,Demoman,Taunt,Regular,No Grade,Unusualifier,False
209,Oblooterated,Demoman,Taunt,Regular,No Grade,Unusualifier,False
210,Bad Pipes,Demoman,Taunt,Regular,No Grade,Unusualifier,False
211,Scotsmann's Stagger,Demoman,Taunt,Regular,No Grade,Unusualifier,False
212,Football Helmet,Heavy,Cosmetic,Regular,No Grade,Old Series,False
213,Officer's Ushanka,Heavy,Cosmetic,Regular,No Grade,Heavy Crate,False
214,Tough Guy's Toque,Heavy,Cosmetic,Regular,No Grade,Heavy Crate,False
215,Hound Dog,Heavy,Cosmetic,Regular,No Grade,Old Series,False
216,Heavy Duty Rag,Heavy,Cosmetic,Regular,No Grade,Old Series,False
217,Hard Counter,Heavy,Cosmetic,Regular,No Grade,Old Series,False
218,Pugilist's Protector,Heavy,Cosmetic,Regular,No Grade,Old Series,False
219,Cadaver's Cranium,Heavy,Cosmetic,Regular,No Grade,Old Series,False
220,Coupe D'isaster,Heavy,Cosmetic,Regular,No Grade,Old Series,False
221,Big Chief,Heavy,Cosmetic,Regular,No Grade,Old Series,False
222,Magnificent Mongolian,Heavy,Cosmetic,Regular,No Grade,Old Series,False
223,Dread Knot,Heavy,Cosmetic,Regular,No Grade,Old Series,False
224,Large Luchadore,Heavy,Cosmetic,Regular,No Grade,Old Series,False
226,Capo's Capper,Heavy,Cosmetic,Regular,No Grade,Old Series,False
227,Copper's Hard Top,Heavy,Cosmetic,Regular,No Grade,Old Series,False
228,Dragonborn Helmet,Heavy,Cosmetic,Regular,No Grade,Old Series,False
229,Gym Rat,Heavy,Cosmetic,Regular,No Grade,Heavy Crate,False
230,One-Man Army,Heavy,Cosmetic,Regular,No Grade,Heavy Crate,False
231,Outdoorsman,Heavy,Cosmetic,Regular,No Grade,Heavy Crate,False
232,Soviet Gentleman,Heavy,Cosmetic,Regular,No Grade,Heavy Crate,False
233,Bunsen Brave,Heavy,Cosmetic,Regular,No Grade,Heavy Crate,True
234,Tungsten Toque,Heavy,Cosmetic,Regular,No Grade,Heavy Crate,True
235,Gridiron Guardian,Heavy,Cosmetic,Regular,No Grade,Heavy Crate,True
236,Tsarboosh,Heavy,Cosmetic,Regular,No Grade,Heavy Crate,False
237,Bear Necessities,Heavy,Cosmetic,Regular,No Grade,Heavy Crate,False
238,Katyusha,Heavy,Cosmetic,Regular,No Grade,Heavy Crate,False
239,Minnesota Slick,Heavy,Cosmetic,Regular,No Grade,Heavy Crate,False
240,Bullet Buzz,Heavy,Cosmetic,Regular,No Grade,Heavy Crate,False
241,Eliminators Safeguard,Heavy,Cosmetic,Regular,No Grade,Heavy Crate,False
242,Sammy Cap,Heavy,Cosmetic,Regular,No Grade,Heavy Crate,False
243,Trash Man,Heavy,Cosmetic,Regular,No Grade,Heavy Crate,False
244,Fur-lined Fighter,Heavy,Cosmetic,Regular,No Grade,Heavy Crate,False
245,Hunter Heavy,Heavy,Cosmetic,Misc,No Grade,Not Unboxable,False
246,Sleeveless in Siberia,Heavy,Cosmetic,Misc,No Grade,Not Unboxable,False
247,Old Man Frost,Heavy,Cosmetic,Regular,No Grade,Old Series,False
248,Siberian Facehugger,Heavy,Cosmetic,Regular,No Grade,Old Series,False
249,White Russian,Heavy,Cosmetic,Regular,Commando,Gun Mettle Cosmetic,False
250,Sucker Slug,Heavy,Cosmetic,Regular,Elite,Quarantined Collection,False
251,Mo'Horn,Heavy,Cosmetic,Regular,Assassin,Creepy Crawly,False
253,Warhood,Heavy,Cosmetic,Regular,Mercenary,Rainy Day Cosmetic,False
254,Aztec Aggressor,Heavy,Cosmetic,Regular,Assassin,Abominable Cosmetic,False
255,Commando Elite,Heavy,Cosmetic,Regular,Mercenary,Unleash the Beast Cosmetic,False
256,Fat Man's Field Cap,Heavy,Cosmetic,Regular,Mercenary,Unleash the Beast Cosmetic,False
259,Polar Bear,Heavy,Cosmetic,Regular,Mercenary,Winter 2017 Cosmetic,False
260,Sinner's Shade,Heavy,Cosmetic,Regular,Mercenary,Winter 2017 Cosmetic,False
261,Starboard Crusader,Heavy,Cosmetic,Regular,Commando,Blue Moon Cosmetic,False
262,Mann-O-War,Heavy,Cosmetic,Regular,Mercenary,Violet Vermin,False
263,Cool Capuchon,Heavy,Cosmetic,Regular,Commando,Winter 2018 Cosmetic,False
264,Proletariat Posedown,Heavy,Taunt,Regular,No Grade,Unusualifier,False
265,Russian Arms Race,Heavy,Taunt,Regular,No Grade,Unusualifier,False
266,Soviet Strongarm,Heavy,Taunt,Regular,No Grade,Unusualifier,False
267,Mining Light,Engineer,Cosmetic,Misc,No Grade,Not Unboxable,False
268,Texas Slim's Dome Shine,Engineer,Cosmetic,Regular,No Grade,Engineer Crate,False
269,Texas Ten Gallon,Engineer,Cosmetic,Regular,No Grade,Engineer Crate,False
270,Engineer's Cap,Engineer,Cosmetic,Regular,No Grade,Engineer Crate,False
271,Hotrod,Engineer,Cosmetic,Regular,No Grade,Old Series,False
272,Safe'n'Sound,Engineer,Cosmetic,Regular,No Grade,Engineer Crate,False
273,Buckaroos Hat,Engineer,Cosmetic,Regular,No Grade,Old Series,False
274,Industrial Festivizer,Engineer,Cosmetic,Regular,No Grade,Old Series,False
275,Big Country‎,Engineer,Cosmetic,Regular,No Grade,Old Series,False
276,Professor's Peculiarity,Engineer,Cosmetic,Regular,No Grade,Engineer Crate,False
277,Hetman's Headpiece,Engineer,Cosmetic,Regular,No Grade,Old Series,False
278,Western Wear,Engineer,Cosmetic,Regular,No Grade,Old Series,False
279,Ol' Geezer,Engineer,Cosmetic,Regular,No Grade,Old Series,False
281,Pencil Pusher,Engineer,Cosmetic,Misc,No Grade,Not Unboxable,False
282,Virtual Reality Headset,Engineer,Cosmetic,Regular,No Grade,Engineer Crate,False
283,Brainiac Hairpiece,Engineer,Cosmetic,Misc,No Grade,Not Unboxable,False
284,Barnstormer,Engineer,Cosmetic,Regular,No Grade,Engineer Crate,False
285,Plug-In Prospector,Engineer,Cosmetic,Regular,No Grade,Engineer Crate,True
286,Timeless Topper,Engineer,Cosmetic,Regular,No Grade,Engineer Crate,True
287,Data Mining Light,Engineer,Cosmetic,Regular,No Grade,Engineer Crate,True
288,Texas Tin-Gallon,Engineer,Cosmetic,Regular,No Grade,Engineer Crate,True
289,Pardner's Pompadour,Engineer,Cosmetic,Regular,No Grade,Engineer Crate,False
290,Trencher's Topper,Engineer,Cosmetic,Regular,No Grade,Engineer Crate,False
291,Danger,Engineer,Cosmetic,Regular,No Grade,Engineer Crate,False
292,Peacenik's Ponytail,Engineer,Cosmetic,Regular,No Grade,Engineer Crate,False
293,Conagher's Combover,Engineer,Cosmetic,Regular,No Grade,Old Series,False
294,Sheriff's Stetson,Engineer,Cosmetic,Regular,Assassin,Gun Mettle Cosmetic,False
295,Smokey Sombrero,Engineer,Cosmetic,Regular,Mercenary,Gargoyle,False
296,Wide-Brimmed Bandito,Engineer,Cosmetic,Regular,Mercenary,Creepy Crawly,False
297,Flash of Inspiration,Engineer,Cosmetic,Regular,Elite,Rainy Day Cosmetic,False
298,Plumber's Cap,Engineer,Cosmetic,Regular,Assassin,Rainy Day Cosmetic,False
300,Defragmenting Hard Hat 17%,Engineer,Cosmetic,Regular,Assassin,Violet Vermin,False
301,Rancho Relaxo,Engineer,Taunt,Regular,No Grade,Unusualifier,False
302,Bucking Bronco,Engineer,Taunt,Regular,No Grade,Unusualifier,False
303,Dueling Banjo,Engineer,Taunt,Regular,No Grade,Unusualifier,False
304,Jumping Jack,Engineer,Taunt,Regular,No Grade,Unusualifier,False
305,Prussian Pickelhaube,Medic,Cosmetic,Regular,No Grade,Old Series,False
306,Vintage Tyrolean,Medic,Cosmetic,Regular,No Grade,Medic Crate,False
307,Otolaryngologist's Mirror,Medic,Cosmetic,Regular,No Grade,Medic Crate,False
308,Ze Goggles,Medic,Cosmetic,Regular,No Grade,Old Series,False
309,Gentleman's Gatsby,Medic,Cosmetic,Regular,No Grade,Old Series,False
310,Berliner's Bucket Helm,Medic,Cosmetic,Regular,No Grade,Old Series,False
311,Blighted Beak,Medic,Cosmetic,Misc,No Grade,Not Unboxable,False
312,German Gonzila,Medic,Cosmetic,Regular,No Grade,Old Series,False
313,Geisha Boy,Medic,Cosmetic,Regular,No Grade,Old Series,False
314,Medic's Mountain Cap,Medic,Cosmetic,Regular,No Grade,Old Series,False
315,Grimm Hatte‎,Medic,Cosmetic,Regular,No Grade,Old Series,False
318,Doctor's Sack,Medic,Cosmetic,Regular,No Grade,Old Series,False
319,Surgeon's Stahlhelm,Medic,Cosmetic,Regular,No Grade,Medic Crate,False
320,Gentleman's Ushanka,Medic,Cosmetic,Regular,No Grade,Medic Crate,False
321,Platinum Pickelhaube,Medic,Cosmetic,Regular,No Grade,Medic Crate,True
322,Halogen Head Lamp,Medic,Cosmetic,Regular,No Grade,Medic Crate,True
323,Titanium Tyrolean,Medic,Cosmetic,Regular,No Grade,Medic Crate,True
324,Virus Doctor,Medic,Cosmetic,Regular,No Grade,Medic Crate,True
325,Powdered Practitioner,Multi-Class,Cosmetic,Regular,No Grade,Multi/All Crate,False
326,Das Hazmattenhatten,Medic,Cosmetic,Misc,No Grade,Not Unboxable,False
327,Das Ubersternmann,Medic,Cosmetic,Regular,No Grade,Medic Crate,False
328,Das Naggenvatcher,Medic,Cosmetic,Regular,No Grade,Medic Crate,False
329,Das Maddendoktor,Medic,Cosmetic,Regular,No Grade,Medic Crate,False
330,Das Gutenkutteharen,Medic,Cosmetic,Regular,No Grade,Medic Crate,False
331,Baron von Havenaplane,Medic,Cosmetic,Regular,No Grade,Medic Crate,False
332,Slick Cut,Medic,Cosmetic,Regular,No Grade,Medic Crate,False
333,Mann of Reason,Medic,Cosmetic,Regular,No Grade,Medic Crate,False
334,Nunhood,Medic,Cosmetic,Regular,No Grade,Medic Crate,False
335,Heer's Helmet,Medic,Cosmetic,Regular,No Grade,Medic Crate,False
336,Teutonic Toque,Medic,Cosmetic,Regular,No Grade,Medic Crate,False
337,Surgeon's Shako,Medic,Cosmetic,Regular,No Grade,Old Series,False
338,Physician's Protector,Medic,Cosmetic,Regular,Commando,Gun Mettle Cosmetic,False
339,Berlin Brain Bowl,Medic,Cosmetic,Regular,Mercenary,Tough Break Cosmetic,False
340,Gauzed Gaze,Medic,Cosmetic,Regular,Commando,Mayflower Cosmetic,False
341,Field Practice,Medic,Cosmetic,Regular,Mercenary,Rainy Day Cosmetic,False
342,Battle Boonie,Medic,Cosmetic,Regular,Mercenary,Unleash the Beast Cosmetic,False
343,Coldfront Commander,Medic,Cosmetic,Regular,Commando,Winter 2017 Cosmetic,False
344,Mighty Mitre,Medic,Cosmetic,Regular,Mercenary,Winter 2018 Cosmetic,False
345,Snowcapped,Medic,Cosmetic,Regular,Mercenary,Winter 2018 Cosmetic,False
346,Meet the Medic,Medic,Taunt,Regular,No Grade,Unusualifier,False
347,Results Are In,Medic,Taunt,Regular,No Grade,Unusualifier,False
348,Surgeon's Squeezebox,Medic,Taunt,Regular,No Grade,Unusualifier,False
349,Trophy Belt,Sniper,Cosmetic,Regular,No Grade,Old Series,False
350,Professional's Panama,Sniper,Cosmetic,Regular,No Grade,Sniper Crate,False
351,Master's Yellow Belt,Sniper,Cosmetic,Misc,No Grade,Sniper Crate,False
352,Ritzy Rick's Hair Fixative,Sniper,Cosmetic,Regular,No Grade,Sniper Crate,False
353,Shooter's Sola Topi,Sniper,Cosmetic,Regular,No Grade,Sniper Crate,False
354,Bloke's Bucket Hat,Sniper,Cosmetic,Regular,No Grade,Old Series,False
355,Ol' Snaggletooth,Sniper,Cosmetic,Regular,No Grade,Old Series,False
356,Larrikin Robin,Sniper,Cosmetic,Regular,No Grade,Old Series,False
357,Crocleather Slouch,Sniper,Cosmetic,Regular,No Grade,Old Series,False
358,Villain's Veil,Sniper,Cosmetic,Misc,No Grade,Not Unboxable,False
359,Desert Marauder,Sniper,Cosmetic,Regular,No Grade,Old Series,False
360,Anger,Sniper,Cosmetic,Regular,No Grade,Old Series,False
362,Your Worst Nightmare,Sniper,Cosmetic,Regular,No Grade,Sniper Crate,False
363,Swagman's Swatter,Sniper,Cosmetic,Regular,No Grade,Sniper Crate,False
364,Fruit Shoot,Sniper,Cosmetic,Regular,No Grade,Sniper Crate,False
365,Liquidator's Lid,Sniper,Cosmetic,Regular,No Grade,Sniper Crate,False
366,Cold Killer,Sniper,Cosmetic,Regular,No Grade,Sniper Crate,False
367,Soldered Sensei,Sniper,Cosmetic,Misc,No Grade,Sniper Crate,True
368,Letch's LED,Sniper,Cosmetic,Regular,No Grade,Sniper Crate,True
369,Shooter's Tin Topi,Sniper,Cosmetic,Regular,No Grade,Sniper Crate,True
370,Wet Works,Sniper,Cosmetic,Regular,No Grade,Sniper Crate,False
371,Brim-Full of Bullets,Sniper,Cosmetic,Regular,No Grade,Old Series,False
372,Toy Soldier,Multi-Class,Cosmetic,Regular,No Grade,Multi/All Crate,False
373,Deep Cover Operator,Multi-Class,Cosmetic,Regular,No Grade,Multi/All Crate,False
374,Dread Hiding Hood,Sniper,Cosmetic,Regular,No Grade,Old Series,False
375,Professional's Ushanka,Sniper,Cosmetic,Regular,No Grade,Old Series,False
376,Corona Australis,Sniper,Cosmetic,Regular,Elite,Quarantined Collection,False
377,Archer's Sterling,Sniper,Cosmetic,Regular,Commando,Rainy Day Cosmetic,False
378,Classy Capper,Sniper,Cosmetic,Regular,Mercenary,Abominable Cosmetic,False
379,Puffy Polar Cap,Sniper,Cosmetic,Regular,Mercenary,Winter 2017 Cosmetic,False
380,Highway Star,Sniper,Cosmetic,Regular,Mercenary,Violet Vermin,False
381,I See You,Sniper,Taunt,Regular,No Grade,Unusualifier,False
382,Killer Solo,Sniper,Taunt,Regular,No Grade,Unusualifier,False
383,Most Wanted,Sniper,Taunt,Regular,No Grade,Unusualifier,False
384,Didgeridrongo,Sniper,Taunt,Regular,No Grade,Unusualifier,False
385,Fancy Fedora,Spy,Cosmetic,Regular,No Grade,Old Series,False
386,Backbiter's Billycock,Spy,Cosmetic,Regular,No Grade,Spy Crate,False
387,Magistrate's Mullet,Spy,Cosmetic,Regular,No Grade,Old Series,False
388,Frenchman's Beret,Spy,Cosmetic,Regular,No Grade,Old Series,False
389,Familiar Fez,Spy,Cosmetic,Regular,No Grade,Old Series,False
390,Détective Noir,Spy,Cosmetic,Regular,No Grade,Old Series,False
391,Le Party Phantom,Spy,Cosmetic,Misc,No Grade,Old Series,False
392,Noh Mercy,Spy,Cosmetic,Misc,No Grade,Not Unboxable,False
394,Charmer's Chapeau‎,Spy,Cosmetic,Regular,No Grade,Old Series,False
395,Janissary Ketche,Spy,Cosmetic,Regular,No Grade,Old Series,False
396,Cosa Nostra Cap,Spy,Cosmetic,Regular,No Grade,Old Series,False
397,Nanobalaclava,Spy,Cosmetic,Regular,No Grade,Old Series,False
398,Counterfeit Billycock,Spy,Cosmetic,Regular,No Grade,Spy Crate,False
399,L'Inspecteur,Spy,Cosmetic,Regular,No Grade,Spy Crate,False
400,Hat of Cards,Spy,Cosmetic,Regular,No Grade,Spy Crate,False
401,Base Metal Billycock,Spy,Cosmetic,Regular,No Grade,Spy Crate,True
402,Bootleg Base Metal Billycock,Spy,Cosmetic,Regular,No Grade,Spy Crate,True
403,Pom-Pommed Provocateur,Spy,Cosmetic,Regular,No Grade,Spy Crate,False
404,Harmburg,Spy,Cosmetic,Regular,No Grade,Spy Crate,False
405,Belgian Detective,Spy,Cosmetic,Regular,No Grade,Spy Crate,False
406,L'homme Burglerre,Spy,Cosmetic,Regular,No Grade,Spy Crate,False
408,Napoleon Complex,Spy,Cosmetic,Regular,No Grade,Spy Crate,False
409,Aviator Assassin,Spy,Cosmetic,Regular,No Grade,Spy Crate,False
410,A Hat to Kill For,Spy,Cosmetic,Regular,Mercenary,Tough Break Cosmetic,False
411,Big Topper,Spy,Cosmetic,Regular,Commando,Creepy Crawly,False
412,Brain-Warming Wear,Spy,Cosmetic,Regular,Mercenary,Unlocked Winter 2016 Cosmetic,False
413,Murderer's Motif,Spy,Cosmetic,Regular,Mercenary,Violet Vermin,False
414,Buy A Life,Spy,Taunt,Regular,No Grade,Unusualifier,False
415,Box Trot,Spy,Taunt,Regular,No Grade,Unusualifier,False
416,Disco Fever,Spy,Taunt,Regular,No Grade,Unusualifier,False
417,Luxury Lounge,Spy,Taunt,Regular,No Grade,Unusualifier,False
418,Modest Pile of Hat,All classes,Cosmetic,Regular,No Grade,Multi/All Crate,False
419,Noble Amassment of Hats,All classes,Cosmetic,Regular,No Grade,Multi/All Crate,False
420,Towering Pillar of Hats,All classes,Cosmetic,Regular,No Grade,Multi/All Crate,False
421,Dr's Dapper Topper,All classes,Cosmetic,Regular,No Grade,Old Series,False
422,A Rather Festive Tree,All classes,Cosmetic,Regular,No Grade,Old Series,False
423,Company Man,All classes,Cosmetic,Regular,No Grade,Old Series,False
424,Killer Exclusive,All classes,Cosmetic,Regular,No Grade,Multi/All Crate,False
425,Hot Dogger,All classes,Cosmetic,Regular,No Grade,Multi/All Crate,False
426,Salty Dog,All classes,Cosmetic,Regular,No Grade,Multi/All Crate,False
427,Brown Bomber,All classes,Cosmetic,Regular,No Grade,Multi/All Crate,False
428,Human Cannonball,All classes,Cosmetic,Regular,No Grade,Multi/All Crate,False
429,Crone's Dome,All classes,Cosmetic,Regular,No Grade,Multi/All Crate,False
430,Executioner,All classes,Cosmetic,Regular,No Grade,Multi/All Crate,False
431,Tough Stuff Muffs,All classes,Cosmetic,Regular,No Grade,Multi/All Crate,False
432,Bot Dogger,All classes,Cosmetic,Regular,No Grade,Multi/All Crate,True
433,Modest Metal Pile of Scrap,All classes,Cosmetic,Regular,No Grade,Multi/All Crate,True
434,Noble Nickel Amassment of Hats,All classes,Cosmetic,Regular,No Grade,Multi/All Crate,True
435,Towering Titanium Pillar of Hats,All classes,Cosmetic,Regular,No Grade,Multi/All Crate,True
436,Galvanized Gibus,All classes,Cosmetic,Regular,No Grade,Multi/All Crate,True
437,Brotherhood of Arms,All classes,Cosmetic,Regular,No Grade,Multi/All Crate,False
438,Well-Rounded Rifleman,All classes,Cosmetic,Regular,No Grade,Multi/All Crate,False
439,Horrific Headsplitter,All classes,Cosmetic,Regular,No Grade,Old Series,False
440,Federal Casemaker,All classes,Cosmetic,Regular,No Grade,Multi/All Crate,False
441,Cotton Head,All classes,Cosmetic,Regular,No Grade,Multi/All Crate,False
442,Antlers,All classes,Cosmetic,Misc,No Grade,Not Unboxable,False
443,Virtual Viewfinder,All classes,Cosmetic,Misc,No Grade,Not Unboxable,False
444,Hong Kong Cone,All classes,Cosmetic,Regular,No Grade,Multi/All Crate,False
445,Kiss King,All classes,Cosmetic,Regular,No Grade,Multi/All Crate,False
446,Neckwear Headwear,All classes,Cosmetic,Regular,No Grade,Multi/All Crate,False
447,Polar Pullover,All classes,Cosmetic,Misc,No Grade,Multi/All Crate,False
448,Law,All classes,Cosmetic,Regular,No Grade,Multi/All Crate,False
449,Merc's Mohawk,All classes,Cosmetic,Regular,No Grade,Multi/All Crate,False
450,Tipped Lid,All classes,Cosmetic,Regular,No Grade,Multi/All Crate,False
451,Boxcar Bomber,All classes,Cosmetic,Regular,No Grade,Multi/All Crate,False
452,Coldsnap Cap,All classes,Cosmetic,Regular,No Grade,Multi/All Crate,False
453,Winter Woodsman,All classes,Cosmetic,Regular,No Grade,Multi/All Crate,False
454,Co-Pilot,All classes,Cosmetic,Regular,No Grade,Old Series,False
455,Rotation Sensation,All classes,Cosmetic,Regular,Mercenary,Gun Mettle Cosmetic,False
456,Potassium Bonnett,All classes,Cosmetic,Regular,Elite,Gun Mettle Cosmetic,False
457,Captain Cardbeard Cutthroat,All classes,Cosmetic,Regular,Elite,Gun Mettle Cosmetic,False
458,Universal Translator,All classes,Cosmetic,Regular,Mercenary,Quarantined Collection,False
459,Captain Space Mann,All classes,Cosmetic,Misc,Commando,Not Unboxable,False
460,Phononaut,All classes,Cosmetic,Regular,Commando,Confidential Collection,False
461,Prehistoric Pullover,All classes,Cosmetic,Regular,Mercenary,Gargoyle,False
462,Patriot Peak,All classes,Cosmetic,Regular,Mercenary,Tough Break Cosmetic,False
463,Chill Chullo,All classes,Cosmetic,Regular,Commando,Tough Break Cosmetic,False
464,A Well Wrapped Hat,All classes,Cosmetic,Regular,Assassin,Tough Break Cosmetic,False
465,Bedouin Bandana,All classes,Cosmetic,Regular,Elite,Mayflower Cosmetic,False
466,Class Crown,All classes,Cosmetic,Regular,Elite,Creepy Crawly,False
467,Lil' Bitey,All classes,Cosmetic,Regular,Commando,Creepy Crawly,False
468,Nasty Norsemann,All classes,Cosmetic,Regular,Mercenary,Creepy Crawly,False
469,Toadstool Topper,All classes,Cosmetic,Regular,Commando,Creepy Crawly,False
470,Woolen Warmer,All classes,Cosmetic,Regular,Commando,Unlocked Winter 2016 Cosmetic,False
471,Legendary Lid,All classes,Cosmetic,Regular,Assassin,Rainy Day Cosmetic,False
472,Aztec Warrior,All classes,Cosmetic,Regular,Elite,Unleash the Beast Cosmetic,False
473,Hunter in Darkness,All classes,Cosmetic,Regular,Commando,Abominable Cosmetic,False
474,Jungle Wreath,All classes,Cosmetic,Regular,Assassin,Unleash the Beast Cosmetic,False
475,Pithy Professional,All classes,Cosmetic,Regular,Mercenary,Abominable Cosmetic,False
476,Caribou Companion,All classes,Cosmetic,Regular,Mercenary,Winter 2017 Cosmetic,False
477,Lucky Cat Hat,All classes,Cosmetic,Regular,Elite,Violet Vermin,False
478,Bread Heads,All classes,Cosmetic,Regular,Elite,Winter 2018 Cosmetic,False
479,Schadenfreude,All classes,Taunt,Regular,No Grade,Unusualifier,False
480,High Five!,All classes,Taunt,Regular,No Grade,Unusualifier,False
481,Shred Alert,All classes,Taunt,Regular,No Grade,Unusualifier,False
482,Conga,All classes,Taunt,Regular,No Grade,Unusualifier,False
483,Square Dance,All classes,Taunt,Regular,No Grade,Unusualifier,False
484,Skullcracker,All classes,Taunt,Regular,No Grade,Unusualifier,False
485,Flippin' Awesome,All classes,Taunt,Regular,No Grade,Unusualifier,False
486,"Rock, Paper, Scissors",All classes,Taunt,Regular,No Grade,Unusualifier,False
488,Kazotsky Kick,All classes,Taunt,Regular,No Grade,Unusualifier,False
489,Burstchester,All classes,Taunt,Regular,Assassin,Confidential Collection,False
490,Mannrobics,All classes,Taunt,Regular,No Grade,Unusualifier,False
491,Zoomin' Broom,All classes,Taunt,Regular,No Grade,Unusualifier,False
492,Second Rate Sorcery,All classes,Taunt,Regular,No Grade,Unusualifier,False
493,Victory Lap,All classes,Taunt,Regular,No Grade,Unusualifier,False
494,Yeti Punch,All classes,Taunt,Regular,No Grade,Unusualifier,False
495,Yeti Smash,All classes,Taunt,Regular,No Grade,Unusualifier,False
